titulo,link,noticia,data_publicacao
"FRANGO/CEPEA: Após recordes em março, exportação começa abril em ritmo intenso",https://www.cepea.esalq.usp.br/br/diarias-de-mercado/frango-cepea-apos-recordes-em-marco-exportacao-comeca-abril-em-ritmo-intenso.aspx,"Cepea, 14/04/2023 &ndash; O setor av&iacute;cola nacional acredita que o desempenho das exporta&ccedil;&otilde;es brasileiras de carne de frango em abril seja parecido com o de mar&ccedil;o, quando as vendas externas da prote&iacute;na (considerando-se produtos in natura e processados) atingiram recordes em volume e em receita, considerando-se toda a s&eacute;rie hist&oacute;ria da Secex, iniciada em 1997. Na parcial deste m&ecirc;s, a Secex aponta que os embarques di&aacute;rios seguem intensos, registrando m&eacute;dia de 32,6 mil toneladas, bem acima das 20,4 mil toneladas de abril do ano passado. Em mar&ccedil;o, o resultado recorde foi garantido pelos maiores embarques ao Jap&atilde;o, China e M&eacute;xico &ndash; de fevereiro para mar&ccedil;o,","Thu, 13 Apr 2023 15:55:05 -0300"
"CITROS/CEPEA: Oferta de tahiti diminui em SP, e preços reagem",https://www.cepea.esalq.usp.br/br/diarias-de-mercado/citros-cepea-oferta-de-tahiti-diminui-em-sp-e-precos-reagem.aspx,"Cepea, 14/04/2023 &ndash; Nos primeiros meses de 2023, a oferta de lima &aacute;cida tahiti do estado de S&atilde;o Paulo esteve bastante elevada, o que resultou em quedas de pre&ccedil;os. Pesquisadores do Cepea indicam, contudo, que, desde meados de mar&ccedil;o, a disponibilidade da fruta no estado paulista vem diminuindo, permitindo que os valores da tahiti registrem recupera&ccedil;&otilde;es &ndash; inclusive, produtores indicam que os valores atuais come&ccedil;am a garantir certa rentabilidade. Na parcial de abril (at&eacute; o dia 13), a variedade tem m&eacute;dia de R$ 24,57/cx de 27 kg, colhida, altas de 19,5% frente &agrave; de mar&ccedil;o/23 e de 56,7% em rela&ccedil;&atilde;o &agrave; de abril de 2022, em termos nominais","Thu, 13 Apr 2023 15:50:37 -0300"
O Boletim do Suíno de março está disponível no site!,https://www.cepea.esalq.usp.br/br/releases/o-boletim-do-suino-de-marco-esta-disponivel-no-site-2.aspx,"Cepea, 13/04/2023&nbsp;&ndash; O Cepea (Centro de Estudos Avan&ccedil;ados em Economia Aplicada), da Esalq/USP, disponibiliza hoje o Boletim do Su&iacute;no de mar&ccedil;o de 2023.

&nbsp;","Wed, 12 Apr 2023 16:03:11 -0300"
TILÁPIA/CEPEA: Firme demanda na Quaresma eleva preço da tilápia em março,https://www.cepea.esalq.usp.br/br/diarias-de-mercado/tilapia-cepea-firme-demanda-na-quaresma-eleva-preco-da-tilapia-em-marco.aspx,"Cepea, 13/04/2023 &ndash; As cota&ccedil;&otilde;es da til&aacute;pia avan&ccedil;aram em mar&ccedil;o &ndash; trata-se do oitavo m&ecirc;s consecutivo de alta. Esse movimento resultou da demanda aquecida e da oferta restrita de animais. Segundo agentes consultados pelo Cepea, a procura por parte da ind&uacute;stria, do varejo, das redes de food service e de feiras costuma aumentar no per&iacute;odo da Quaresma, que &eacute; considerada a melhor &eacute;poca do ano para o setor","Wed, 12 Apr 2023 15:26:18 -0300"
BOI/CEPEA: Arroba do boi volta a ser negociada acima do valor da carne,https://www.cepea.esalq.usp.br/br/diarias-de-mercado/boi-cepea-arroba-do-boi-volta-a-ser-negociada-acima-do-valor-da-carne.aspx,"Cepea, 13/04/2023 &ndash; Os pre&ccedil;os do boi gordo est&atilde;o mais firmes no mercado paulista. Segundo pesquisadores do Cepea, al&eacute;m da retomada dos envios de carne bovina &agrave; China, a possibilidade de manter o gado no pasto, devido &agrave;s condi&ccedil;&otilde;es mais favor&aacute;veis das pastagens, tamb&eacute;m refor&ccedil;a a sustenta&ccedil;&atilde;o aos valores internos da arroba. J&aacute; no mercado atacadista da Grande S&atilde;o Paulo, o ritmo de vendas da carne bovina segue lento, o que mant&eacute;m os pre&ccedil;os da carca&ccedil;a praticamente est&aacute;veis","Wed, 12 Apr 2023 14:58:26 -0300"
SUÍNOS/CEPEA: Preços do vivo têm comportamentos distintos dentre regiões,https://www.cepea.esalq.usp.br/br/diarias-de-mercado/suinos-cepea-precos-do-vivo-tem-comportamentos-distintos-dentre-regioes.aspx,"Cepea, 13/04/2023 &ndash; As movimenta&ccedil;&otilde;es no mercado independente de su&iacute;no vivo foram distintas dentre as regi&otilde;es acompanhadas pelo Cepea nos &uacute;ltimos dias. Nas pra&ccedil;as em que a oferta est&aacute; ligeiramente menor, os valores reagiram, influenciados tamb&eacute;m pela leve melhora na procura por animais neste in&iacute;cio de m&ecirc;s. J&aacute; nas regi&otilde;es em que a oferta de animais ainda est&aacute; elevada e acima da demanda, os pre&ccedil;os seguiram em queda","Wed, 12 Apr 2023 14:57:17 -0300"
ARROZ/CEPEA: Demanda aquecida mantém Indicador firme,https://www.cepea.esalq.usp.br/br/diarias-de-mercado/arroz-cepea-demanda-aquecida-mantem-indicador-firme.aspx,"Cepea, 12/04/2023 &ndash; Os valores do arroz em casca est&atilde;o firmes neste come&ccedil;o de abril, de acordo com dados do Cepea. De modo geral, a demanda est&aacute; mais aquecida, com unidades de beneficiamento buscando lotes do cereal em regi&otilde;es ga&uacute;chas mais afastadas do destino e/ou para outros estados. TRANSA&Ccedil;&Otilde;ES EXTERNAS &ndash; As transa&ccedil;&otilde;es internacionais envolvendo o arroz seguiram firmes em mar&ccedil;o, com aumento das importa&ccedil;&otilde;es e das exporta&ccedil;&otilde;es","Tue, 11 Apr 2023 15:55:56 -0300"
ALGODÃO/CEPEA: Valores internos seguem em queda neste início de abril,https://www.cepea.esalq.usp.br/br/diarias-de-mercado/algodao-cepea-valores-internos-seguem-em-queda-neste-inicio-de-abril.aspx,"Cepea, 12/04/2023 &ndash; Os pre&ccedil;os do algod&atilde;o em pluma continuam em baixa no Brasil, e os atuais patamares j&aacute; s&atilde;o os mais baixos desde janeiro de 2021, em termos nominais. De acordo com informa&ccedil;&otilde;es do Cepea, este cen&aacute;rio &eacute; resultado da menor paridade de exporta&ccedil;&atilde;o, do grande volume excedente da temporada passada e da expectativa de safra ainda maior neste ano. A alta disponibilidade exigir&aacute; exporta&ccedil;&otilde;es ainda maiores para os pr&oacute;ximos meses","Tue, 11 Apr 2023 15:52:57 -0300"
CAFÉ/CEPEA: Ritmo de negócios está lento no mercado interno,https://www.cepea.esalq.usp.br/br/diarias-de-mercado/cafe-cepea-ritmo-de-negocios-esta-lento-no-mercado-interno.aspx,"Cepea, 12/04/2023 &ndash; O ritmo de comercializa&ccedil;&atilde;o de caf&eacute; segue bastante lento no mercado spot nacional. Segundo colaboradores do Cepea, cafeicultores est&atilde;o atentos ao campo, iniciando a colheita e/ou se preparando para as atividades da safra 2023/24, enquanto compradores v&ecirc;m adquirindo apenas pequenos lotes, envolvendo baixos volumes, quando h&aacute; necessidade. Os poucos vendedores ativos no mercado s&oacute; realizam neg&oacute;cios a pre&ccedil;os maiores","Tue, 11 Apr 2023 15:49:17 -0300"
HF BRASIL/CEPEA: Produção de abacate cresce com força no Brasil,https://www.cepea.esalq.usp.br/br/releases/hf-brasil-cepea-producao-de-abacate-cresce-com-forca-no-brasil.aspx,,"Mon, 10 Apr 2023 17:03:07 -0300"
ETANOL/CEPEA: Indicadores sobem neste começo de temporada 2023/24,https://www.cepea.esalq.usp.br/br/diarias-de-mercado/etanol-cepea-indicadores-sobem-neste-comeco-de-temporada-2023-24.aspx,"Cepea, 11/04/2023 &ndash; Levantamento do Cepea mostra que os pre&ccedil;os dos etan&oacute;is hidratado e anidro iniciaram a temporada 2023/24 em alta em toda a regi&atilde;o Centro-Sul. Em S&atilde;o Paulo, o suporte veio da ainda baixa entrada de produto da nova produ&ccedil;&atilde;o. Do lado da demanda, o Cepea registrou aumento nas negocia&ccedil;&otilde;es do hidratado na &uacute;ltima semana","Mon, 10 Apr 2023 16:10:45 -0300"
AÇÚCAR/CEPEA: Safra 2023/24 se inicia com alta nos preços do cristal,https://www.cepea.esalq.usp.br/br/diarias-de-mercado/acucar-cepea-safra-2023-24-se-inicia-com-alta-nos-precos-do-cristal.aspx,"Cepea, 11/04/2023 &ndash; Os pre&ccedil;os m&eacute;dios do a&ccedil;&uacute;car cristal branco subiram no mercado spot do estado de S&atilde;o Paulo de 3 a 6 de abril, primeira semana oficial da safra 2023/24. Neste per&iacute;odo, a m&eacute;dia do Indicador CEPEA/ESALQ foi de R$ 137,09/saca de 50 kg, alta de 3,18% em rela&ccedil;&atilde;o &agrave; da semana anterior. De acordo com pesquisadores do Cepea, o aumento esteve atrelado &agrave; baixa oferta do cristal para pronta-entrega, uma vez que a produ&ccedil;&atilde;o deste produto ainda tem sido lenta nas usinas paulistas","Mon, 10 Apr 2023 16:07:57 -0300"
MELÃO/CEPEA: Preços do amarelo e do cantaloupe sobem na Ceagesp,https://www.cepea.esalq.usp.br/br/diarias-de-mercado/melao-cepea-precos-do-amarelo-e-do-cantaloupe-sobem-na-ceagesp.aspx,"Cepea, 11/04/2023 &ndash; A cota&ccedil;&atilde;o do mel&atilde;o subiu na Ceagesp ao longo da semana passada. Levantamento do Cepea mostra que, de 3 a 6 de abril, o amarelo tipo 5 a 8 foi comercializado &agrave; m&eacute;dia de R$ 52,17/cx de 13 kg, aumento de 6% frente &agrave; semana anterior. O pre&ccedil;o do cantaloupe subiu 3%, com a m&eacute;dia de negocia&ccedil;&atilde;o a R$ 62,40/cx de 10 kg","Mon, 10 Apr 2023 16:06:29 -0300"
TRIGO/CEPEA: Mercados nacional e internacional têm quedas nos preços,https://www.cepea.esalq.usp.br/br/diarias-de-mercado/trigo-cepea-mercados-nacional-e-internacional-tem-quedas-nos-precos.aspx,"Cepea, 11/04/2023 &ndash; As cota&ccedil;&otilde;es do trigo est&atilde;o em movimento de queda nos mercados interno e externo. No Brasil, pesquisadores do Cepea indicam que o enfraquecimento dos pre&ccedil;os se deve &agrave; baixa liquidez, tendo em vista que os neg&oacute;cios t&ecirc;m sido pontuais, ocorrendo apenas quando h&aacute; necessidade de liberar espa&ccedil;o nos armaz&eacute;ns para entrada da safra ver&atilde;o. Al&eacute;m disso, produtores est&atilde;o focados na comercializa&ccedil;&atilde;o da soja e do milho","Mon, 10 Apr 2023 16:03:42 -0300"
SOJA/CEPEA: Preço da soja sobe no BR; exportação de março é recorde para o mês,https://www.cepea.esalq.usp.br/br/diarias-de-mercado/soja-cepea-preco-da-soja-sobe-no-br-exportacao-de-marco-e-recorde-para-o-mes.aspx,"Cepea, 10/04/2023 &ndash; As cota&ccedil;&otilde;es internas da soja t&ecirc;m registrado varia&ccedil;&otilde;es positivas nos &uacute;ltimos dias, resultado do avan&ccedil;o no pre&ccedil;o externo, da baixa produtividade das lavouras argentinas e, sobretudo, da maior demanda externa pelo gr&atilde;o brasileiro. De acordo com a Secex, o Brasil exportou em mar&ccedil;o/23 mais que o dobro do volume escoado em fevereiro/23 e 8,8% a mais que o de mar&ccedil;o/22, totalizando 13,27 milh&otilde;es de toneladas. Essa &eacute; a maior quantidade de soja enviada ao exterior desde maio/21 e um recorde para mar&ccedil;o","Thu, 06 Apr 2023 17:01:14 -0300"
"MILHO/CEPEA: Com perspectiva de produção alta, preço segue em queda",https://www.cepea.esalq.usp.br/br/diarias-de-mercado/milho-cepea-com-perspectiva-de-producao-alta-preco-segue-em-queda.aspx,"Cepea, 10/04/2023 &ndash; As cota&ccedil;&otilde;es do milho seguem em queda na maior parte das regi&otilde;es acompanhadas pelo Cepea. A press&atilde;o vem da expectativa de produ&ccedil;&atilde;o nacional mais elevada, que vem mantendo consumidores afastados das negocia&ccedil;&otilde;es, &agrave; espera de recuos mais intensos nos pre&ccedil;os. Esses demandantes tamb&eacute;m est&atilde;o atentos ao fato de muitos produtores indicarem j&aacute; n&atilde;o ter espa&ccedil;o nos armaz&eacute;ns","Thu, 06 Apr 2023 16:59:08 -0300"
CITROS/CEPEA: Oferta de poncã deve se intensificar neste mês,https://www.cepea.esalq.usp.br/br/diarias-de-mercado/citros-cepea-oferta-de-ponca-deve-se-intensificar-neste-mes.aspx,"Cepea, 10/04/2023 &ndash; A colheita de tangerina ponc&atilde; se iniciou em S&atilde;o Paulo em mar&ccedil;o, ainda que em ritmo lento e com oferta limitada. A previs&atilde;o &eacute; de que as atividades de campo sejam intensificadas agora em abril, com pico de safra a partir da segunda quinzena de maio. Colaboradores consultados pelo Cepea indicam que a produ&ccedil;&atilde;o da fruta pode ser menor neste ano nos principais estados produtores (S&atilde;o Paulo e Minas Gerais)","Thu, 06 Apr 2023 16:57:08 -0300"
OVOS/CEPEA: Cotações permanecem estáveis durante a Semana Santa,https://www.cepea.esalq.usp.br/br/diarias-de-mercado/ovos-cepea-cotacoes-permanecem-estaveis-durante-a-semana-santa.aspx,"Cepea, 10/04/2023 &ndash; As cota&ccedil;&otilde;es dos ovos seguem est&aacute;veis neste in&iacute;cio de abril, apesar do pagamento dos sal&aacute;rios e da demanda aquecida por conta da P&aacute;scoa no &uacute;ltimo domingo. Segundo colaboradores consultados pelo Cepea, vendedores elevaram o volume dispon&iacute;vel no mercado, prevendo um aumento da demanda durante a Semana Santa, o que resultou em estabilidade dos pre&ccedil;os e em equil&iacute;brio entre a oferta e&nbsp;procura. Fonte: Cepea (","Thu, 06 Apr 2023 16:55:38 -0300"
Estão disponíveis as agromensais de março/2023,https://www.cepea.esalq.usp.br/br/releases/estao-disponiveis-as-agromensais-de-marco-2023.aspx,"Cepea, 06/04/2023 &ndash; O Cepea (Centro de Estudos Avan&ccedil;ados em Economia Aplicada), da Esalq/USP, disponibiliza hoje as agromensais de mar&ccedil;o de 2023.

&nbsp;","Thu, 06 Apr 2023 14:43:27 -0300"
FRANGO/CEPEA: Aumento nos embarques garante novo recorde e sustenta preço interno da carne,https://www.cepea.esalq.usp.br/br/diarias-de-mercado/frango-cepea-aumento-nos-embarques-garante-novo-recorde-e-sustenta-preco-interno-da-carne.aspx,"Cepea, 6/04/2023 &ndash; A maior demanda por carne de frango registrada nas duas primeiras semanas de mar&ccedil;o somada &agrave;s exporta&ccedil;&otilde;es em alta sustentaram o pre&ccedil;o m&eacute;dio mensal da prote&iacute;na no mercado interno no &uacute;ltimo m&ecirc;s. De acordo com dados do Cepea, o pre&ccedil;o do frango inteiro congelado comercializado no atacado da Grande S&atilde;o Paulo teve m&eacute;dia de R$ 6,75/kg em mar&ccedil;o, alta de 1,5% frente ao verificado em fevereiro. Quanto &agrave;s exporta&ccedil;&otilde;es, conforme relat&oacute;rio da Secex, a m&eacute;dia di&aacute;ria de embarques de carne de frango in natura foi de 21,1 mil toneladas em mar&ccedil;o, 7,2% acima da observada em fevereiro, 20% maior que a de mar&ccedil;o/22","Wed, 05 Apr 2023 17:07:39 -0300"
"SUÍNOS/CEPEA: Março tem recuo nas cotações, mas Indicador mostra avanço no comparativo anual",https://www.cepea.esalq.usp.br/br/diarias-de-mercado/suinos-cepea-marco-tem-recuo-nas-cotacoes-mas-indicador-mostra-avanco-no-comparativo-anual.aspx,"Cepea, 6/04/2023 &ndash; Ao longo de mar&ccedil;o, os pre&ccedil;os do su&iacute;no vivo e da carne foram pressionados pelo enfraquecimento da demanda e pela oferta elevada &ndash; cen&aacute;rio observado na maioria das pra&ccedil;as acompanhadas pelo Cepea. Apesar da retra&ccedil;&atilde;o mensal, os valores do animal e da prote&iacute;na ficaram acima dos registrados em mar&ccedil;o de 2022. No atacado da Grande S&atilde;o Paulo, a carca&ccedil;a especial su&iacute;na foi comercializada &agrave; m&eacute;dia de R$ 10,60/kg em mar&ccedil;o, queda de 5,7% em rela&ccedil;&atilde;o &agrave; do m&ecirc;s anterior, mas 16,3% acima da de mar&ccedil;o/22, em termos reais (s&eacute;rie deflacionada pelo IPCA de fevereiro/22)","Wed, 05 Apr 2023 17:05:20 -0300"
BOI/CEPEA: Embarque no 1º trimestre registra 2º melhor desempenho da história,https://www.cepea.esalq.usp.br/br/diarias-de-mercado/boi-cepea-embarque-no-1-trimestre-registra-2-melhor-desempenho-da-historia.aspx,"Cepea, 6/04/2023 &ndash; De janeiro a mar&ccedil;o deste ano, as exporta&ccedil;&otilde;es brasileiras de carne bovina in natura somaram 411,08 mil toneladas, abaixo apenas das vendas registradas no mesmo per&iacute;odo de 2022 (queda de 12,36%), quando os envios foram recordes para um primeiro trimestre, segundo dados da Secex. J&aacute; frente ao primeiro trimestre de 2021, observa-se forte aumento de 19,75% no volume escoado ao mercado externo. Pesquisadores do Cepea indicam que a suspens&atilde;o dos envios de carne bovina &agrave; China por um m&ecirc;s evitou que o resultado fosse ainda melhor em 2023","Wed, 05 Apr 2023 17:01:57 -0300"
"Há 10 anos, setor de ovos conta com parâmetros confiáveis de preços",https://www.cepea.esalq.usp.br/br/opiniao-cepea/ha-10-anos-setor-de-ovos-conta-com-parametros-confiaveis-de-precos.aspx,"UMA D&Eacute;CADA DE LEVANTAMENTO &ndash; Em maio de 2023, a divulga&ccedil;&atilde;o de pre&ccedil;os de ovos por parte do Cepea completa 10 anos. Isso significa que, h&aacute; uma d&eacute;cada, agentes do setor produtivo de ovos contam com par&acirc;metros confi&aacute;veis de pre&ccedil;os que contribuem para a tomada de decis&otilde;es.

&nbsp;

Inicialmente, a Equipe de Ovos do Cepea levantava pre&ccedil;os dos ovos dos tipos extra branco e vermelho nos dois maiores estados produtores do Brasil, S&atilde;o Paulo e Minas Gerais","Wed, 05 Apr 2023 14:47:34 -0300"
ALGODÃO/CEPEA: Valores da pluma recuam no Brasil e exterior,https://www.cepea.esalq.usp.br/br/diarias-de-mercado/-14.aspx,"Cepea, 5/04/2023 &ndash; Os pre&ccedil;os internos e externos do algod&atilde;o em pluma ca&iacute;ram ao longo de mar&ccedil;o, devido &agrave; press&atilde;o das condi&ccedil;&otilde;es econ&ocirc;micas adversas globais e no Brasil, que geraram receio entre agentes e limitaram as vendas de manufaturas. Entre 28 de fevereiro e 31 de mar&ccedil;o, o Indicador CEPEA/ESALQ, com pagamento em 8 dias, recuou expressivos 10,01%, fechando a R$ 4,6572/lp no dia 31. A m&eacute;dia mensal do Indicador em mar&ccedil;o foi de R$ 4,8618/lp, sendo 7,2% inferior &agrave; de fevereiro/23 e 30,40% abaixo da de mar&ccedil;o/22","Tue, 04 Apr 2023 16:05:52 -0300"
CAFÉ/CEPEA: Cotações do robusta e arábica oscilam em março,https://www.cepea.esalq.usp.br/br/diarias-de-mercado/-13.aspx,"Cepea, 5/04/2023 &ndash; Os valores dos caf&eacute;s seguiram oscilando com for&ccedil;a em mar&ccedil;o. De acordo com os pesquisadores do Cepea, para o ar&aacute;bica, as cota&ccedil;&otilde;es foram influenciadas pelas altas e baixas externas. J&aacute; para o robusta, os valores variaram em boa parte do m&ecirc;s, mas subiram nos &uacute;ltimos dias de mar&ccedil;o, impulsionadas pela maior necessidade da ind&uacute;stria, que elevou o n&uacute;mero de agentes ativos no mercado","Tue, 04 Apr 2023 15:52:03 -0300"
"ARROZ/CEPEA: Apesar de recuo, média trimestral é a 2ª maior da história",https://www.cepea.esalq.usp.br/br/diarias-de-mercado/-12.aspx,"Cepea, 5/04/2023 &ndash; Entre janeiro e mar&ccedil;o deste ano, a m&eacute;dia mensal ponderada do arroz em casca no Rio Grande do Sul, representada pelo Indicador CEPEA/IRGA-RS (58% de gr&atilde;os inteiros, com pagamento &agrave; vista), recuou 6,13%, passando de R$ 91,36/saca de 50 kg para R$ 85,75/sc no &uacute;ltimo m&ecirc;s. Historicamente, o movimento &eacute; de baixa no primeiro trimestre do ano, devido &agrave; colheita nas principais regi&otilde;es produtoras do Mercosul. Apesar da queda, a m&eacute;dia do Indicador no primeiro trimestre de 2023, de R$ 88,11/sc, &eacute; a segunda maior j&aacute; vista para o per&iacute;odo, atr&aacute;s apenas da registrada nos primeiros tr&ecirc;s meses de 2021 (de R$ 88,20/sc) &ndash; vale lembrar que a s&eac","Tue, 04 Apr 2023 15:46:35 -0300"
AÇÚCAR/CEPEA: Entressafra 2022/23 se encerra com preços estáveis,https://www.cepea.esalq.usp.br/br/diarias-de-mercado/-11.aspx,"Cepea, 4/04/2023 &ndash; O mercado spot do estado de S&atilde;o Paulo encerrou o m&ecirc;s de mar&ccedil;o com a m&eacute;dia de pre&ccedil;os do a&ccedil;&uacute;car cristal branco em R$ 132,00/saca de 50 kg, pequena varia&ccedil;&atilde;o negativa de 0,07% em rela&ccedil;&atilde;o &agrave; de fevereiro/23. Segundo os colaboradores do Cepea, no &uacute;ltimo m&ecirc;s da entressafra 2022/23, compradores se mostraram abastecidos para o per&iacute;odo, enquanto a oferta de a&ccedil;&uacute;car dispon&iacute;vel para vendas adicionais foi limitada, sobretudo para os tipos de melhor qualidade, como o cristal tipo Icumsa at&eacute; 180. Fonte: Cepea (","Mon, 03 Apr 2023 16:33:48 -0300"
ETANOL/CEPEA: Safra 2022/23 se encerra com desvalorização dos etanóis,https://www.cepea.esalq.usp.br/br/diarias-de-mercado/etanol-cepea-safra-2022-23-se-encerra-com-desvalorizacao-dos-etanois.aspx,"Os pre&ccedil;os m&eacute;dios dos etan&oacute;is anidro e do hidratado do estado de S&atilde;o Paulo na temporada 2022/23, encerrada oficialmente no dia 31 de mar&ccedil;o, tiveram significativas quedas reais frente aos da safra anterior. Segundo pesquisadores do Cepea, as baixas estiveram atreladas ao desempenho das vendas de combust&iacute;veis no Brasil, especialmente do hidratado, que perdeu a competitividade com a gasolina C nas bombas. No caso do anidro, a performance foi melhor, com o suporte vindo dos volumes exportados","Mon, 03 Apr 2023 16:29:31 -0300"
"TRIGO/CEPEA: Preço externo avança, mas segue estável no BR",https://www.cepea.esalq.usp.br/br/diarias-de-mercado/trigo-cepea-preco-externo-avanca-mas-segue-estavel-no-br.aspx,"Cepea, 4/04/2023 &ndash; Os pre&ccedil;os externos do trigo subiram nos &uacute;ltimos dias. Segundo pesquisadores do Cepea, as altas estiveram atreladas ao clima seco em &aacute;reas de inverno dos Estados Unidos, &agrave; desvaloriza&ccedil;&atilde;o do d&oacute;lar, que favorece exporta&ccedil;&otilde;es norte-americanas, e &agrave; possibilidade de a R&uacute;ssia suspender as exporta&ccedil;&otilde;es de trigo e/ou aumentar as tarifas de exporta&ccedil;&atilde;o do pa&iacute;s, na tentativa de elevar as cota&ccedil;&otilde;es. J&aacute; no mercado brasileiro, os valores do cereal est&atilde;o praticamente est&aacute;veis, tendo em vista que o ritmo de neg&oacute;cios tem sido pontual","Mon, 03 Apr 2023 16:27:55 -0300"
ALFACE/CEPEA: Oferta limitada mantém cotações elevadas em SP,https://www.cepea.esalq.usp.br/br/diarias-de-mercado/alface-cepea-oferta-limitada-mantem-cotacoes-elevadas-em-sp.aspx,"Cepea, 4/04/2023 &ndash; Colaboradores do cintur&atilde;o verde paulista (Ibi&uacute;na e Mogi das Cruzes) consultados pelo Cepea informaram que o mercado de alfaces esteve com oferta limitada e demanda aquecida ao longo da &uacute;ltima semana. Esse cen&aacute;rio manteve as cota&ccedil;&otilde;es em alta. De acordo com pesquisadores do Cepea, produtores t&ecirc;m realizado a colheita precoce, a fim de atender ao consumo, o que resulta em p&eacute;s menores","Mon, 03 Apr 2023 16:08:35 -0300"
"SOJA/CEPEA: Com menor safra na Argentina, queda de preço é interrompida no Brasil",https://www.cepea.esalq.usp.br/br/diarias-de-mercado/soja-cepea-com-menor-safra-na-argentina-queda-de-preco-e-interrompida-no-brasil.aspx,"Cepea, 3/04/2023 &ndash; O mercado mundial de soja est&aacute; atento &agrave; colheita na Am&eacute;rica do Sul e &agrave;s primeiras estimativas de inten&ccedil;&atilde;o de plantio nos Estados Unidos. Segundo pesquisadores do Cepea, enquanto a safra brasileira segue em bom ritmo e caminha para produ&ccedil;&atilde;o recorde, na Argentina, o in&iacute;cio da colheita fez com que as estimativas fossem novamente reajustadas para baixo. Esse contexto na Argentina acabou elevando os pre&ccedil;os do complexo soja nos Estados Unidos e limitando o movimento de baixa no Brasil nos &uacute;ltimos dias","Fri, 31 Mar 2023 17:18:29 -0300"
MANDIOCA/CEPEA: Cotações estão nos menores patamares em seis meses,https://www.cepea.esalq.usp.br/br/diarias-de-mercado/mandioca-cepea-cotacoes-estao-nos-menores-patamares-em-seis-meses.aspx,"Cepea, 3/04/2023 &ndash; O avan&ccedil;o da colheita nas regi&otilde;es produtoras de mandioca no Centro-Sul tem elevado a oferta, que est&aacute; sobressaindo &agrave; demanda e pressionando as cota&ccedil;&otilde;es. De acordo com dados do Cepea, o valor m&eacute;dio nominal a prazo da tonelada de mandioca posta fecularia registrou queda de 4,9%, a R$ 966,74 (R$ 1,6813 por grama de amido) na semana passada, retomando o patamar nominal registrado no final de setembro de 2022. A m&eacute;dia de mar&ccedil;o recuou 11% frente ao m&ecirc;s anterior, a queda mais expressiva desde novembro de 2020","Fri, 31 Mar 2023 17:16:25 -0300"
MILHO/CEPEA: Indicador segue em queda,https://www.cepea.esalq.usp.br/br/diarias-de-mercado/-10.aspx,"Cepea, 3/04/2023 &ndash; O pre&ccedil;o do milho fechou mar&ccedil;o em baixa. De acordo com informa&ccedil;&otilde;es do Cepea, enquanto produtores t&ecirc;m necessidade de escoar a produ&ccedil;&atilde;o da safra de ver&atilde;o, compradores nacionais e externos limitam as aquisi&ccedil;&otilde;es. Vendedores est&atilde;o mais flex&iacute;veis nos valores e dispostos a realizar entregas imediatas","Fri, 31 Mar 2023 17:13:39 -0300"
OVOS/CEPEA: Valores dos ovos fecham março em elevação,https://www.cepea.esalq.usp.br/br/diarias-de-mercado/-8.aspx,"Cepea, 3/04/2023 &ndash; Os pre&ccedil;os m&eacute;dios dos ovos finalizaram mar&ccedil;o em alta. Segundo pesquisadores do Cepea, a sustenta&ccedil;&atilde;o dos valores vem da demanda mais firme durante o per&iacute;odo de Quaresma. Do lado produtor, n&atilde;o h&aacute; relatos de sobras, e a concess&atilde;o de descontos n&atilde;o tem sido necess&aacute;ria para garantir a liquidez","Fri, 31 Mar 2023 17:10:06 -0300"
CITROS/CEPEA: Preços da laranja pera e da lima tahiti fecham semana em alta,https://www.cepea.esalq.usp.br/br/diarias-de-mercado/citros-cepea-precos-da-laranja-pera-e-da-lima-tahiti-fecham-semana-em-alta.aspx,"Cepea, 31/03/2023 &ndash; Os pre&ccedil;os da laranja pera est&atilde;o registrando leve aumento nesta semana. De acordo com pesquisadores do Cepea, ainda que a demanda n&atilde;o tenha tido grandes altera&ccedil;&otilde;es (j&aacute; que, em fim de m&ecirc;s, a procura costuma ser reduzida), a oferta da variedade diminuiu ainda mais, sustentando os valores. Na parcial desta semana (segunda a quinta-feira), a variedade pera tem m&eacute;dia de R$ 49,35/cx de 40,8 kg, na &aacute;rvore, leve alta de 3,14% em compara&ccedil;&atilde;o com a do per&iacute;odo anterior","Thu, 30 Mar 2023 16:39:25 -0300"
"FRANGO/CEPEA: Valor da carne cai, mas alta na 1ª quinzena garante avanço da média mensal",https://www.cepea.esalq.usp.br/br/diarias-de-mercado/frango-cepea-valor-da-carne-cai-mas-alta-na-1-quinzena-garante-avanco-da-media-mensal.aspx,"Cepea, 31/03/2023 &ndash; As recentes desvaloriza&ccedil;&otilde;es da carne de frango n&atilde;o impediram o avan&ccedil;o da m&eacute;dia mensal da prote&iacute;na. Segundo colaboradores do Cepea, a leve melhora da demanda na primeira metade do m&ecirc;s garantiu a eleva&ccedil;&atilde;o dos pre&ccedil;os m&eacute;dios de mar&ccedil;o. No atacado da Grande S&atilde;o Paulo, o frango inteiro congelado registra m&eacute;dia de R$ 6,78/kg nesta parcial de mar&ccedil;o (at&eacute; o dia 29), alta de 1,9% frente &agrave; de fevereiro","Thu, 30 Mar 2023 16:37:38 -0300"
BOI/CEPEA: Indicador avança em março e recupera perdas causadas por suspensão de envios à China,https://www.cepea.esalq.usp.br/br/diarias-de-mercado/boi-cepea-indicador-avanca-em-marco-e-recupera-perdas-causadas-por-suspensao-de-envios-a-china.aspx,"Cepea, 30/03/2023 &ndash; Os pre&ccedil;os do boi gordo subiram nesta segunda quinzena de mar&ccedil;o, impulsionados sobretudo pela retomada dos envios de carne &agrave; China desde o dia 23 de mar&ccedil;o e tamb&eacute;m pela restri&ccedil;&atilde;o vendedora &ndash; muitos pecuaristas aproveitam as boas condi&ccedil;&otilde;es das pastagens para segurar os animais no campo. Pesquisadores do Cepea destacam que, com as recentes valoriza&ccedil;&otilde;es, a arroba bovina j&aacute; &eacute; negociada praticamente nos mesmos patamares registrados em meados de fevereiro, antes de a suspens&atilde;o dos envios ser anunciada. Vale lembrar que o Indicador do boi gordo CEPEA/B3 encerrou fevereiro a R$ 267,95, com forte queda de 7,2% no acumulado daquele m&ecirc;s","Wed, 29 Mar 2023 14:54:22 -0300"
"SUÍNOS/CEPEA: Com menor procura e oferta elevada, preço da carne suína cai em março",https://www.cepea.esalq.usp.br/br/diarias-de-mercado/suinos-cepea-com-menor-procura-e-oferta-elevada-preco-da-carne-suina-cai-em-marco.aspx,"Cepea, 30/03/2023 &ndash; Os valores da carne su&iacute;na estiveram em queda durante todo m&ecirc;s de mar&ccedil;o no mercado atacadista da Grande S&atilde;o Paulo. De acordo com os colaboradores do Cepea, a press&atilde;o sobre os pre&ccedil;os da prote&iacute;na veio da menor procura e da oferta elevada &ndash; e, agora, no encerramento do m&ecirc;s, o movimento de baixa nos valores foi intensificado, como t&iacute;pico para o per&iacute;odo. Assim, na parcial de mar&ccedil;o (at&eacute; o dia 28), dados do Cepea mostram que a carca&ccedil;a especial su&iacute;na &eacute; comercializada &agrave; m&eacute;dia de R$ 10,71/kg, forte retra&ccedil;&atilde;o de 4,7% frente &agrave; registrada em fevereiro","Wed, 29 Mar 2023 14:53:26 -0300"
ARROZ/CEPEA: Chuvas limitam colheita no RS; preços seguem firmes,https://www.cepea.esalq.usp.br/br/diarias-de-mercado/arroz-cepea-chuvas-limitam-colheita-no-rs-precos-seguem-firmes.aspx,"Cepea, 29/03/2023 &ndash; Chuvas v&ecirc;m limitando o andamento da colheita do arroz no Rio Grande do Sul. De acordo com colaboradores do Cepea, este cen&aacute;rio vem resultando em menor volume do cereal dispon&iacute;vel para negocia&ccedil;&atilde;o. A demanda, por sua vez, est&aacute; aquecida por parte das unidades de beneficiamento de diversos estados, e a procura para exporta&ccedil;&atilde;o se mant&eacute;m firme","Tue, 28 Mar 2023 16:05:44 -0300"
ALGODÃO/CEPEA: Valores internos da pluma seguem em queda,https://www.cepea.esalq.usp.br/br/diarias-de-mercado/algodao-cepea-valores-internos-da-pluma-seguem-em-queda.aspx,"Cepea, 29/03/2023 &ndash; Os pre&ccedil;os do algod&atilde;o em pluma seguem recuando no mercado nacional, movimento que vem sendo verificado desde meados de fevereiro. Indicando dificuldades nas vendas aos manufaturados, agentes de ind&uacute;strias consultados pelo Cepea adquirem poucos volumes de pluma, visando atender apenas &agrave; necessidade imediata e/ou repor estoque. Estes demandantes ofertam pre&ccedil;os menores nas compras","Tue, 28 Mar 2023 16:04:35 -0300"
"CAFÉ/CEPEA: De forma pontual, colheita de robusta é iniciada no Espírito Santo",https://www.cepea.esalq.usp.br/br/diarias-de-mercado/cafe-cepea-de-forma-pontual-colheita-de-robusta-e-iniciada-no-espirito-santo.aspx,"Cepea, 29/03/2023 &ndash; Ainda que de forma bastante pontual, as primeiras &aacute;reas de caf&eacute; robusta da safra 2023/24 come&ccedil;aram a ser colhidas nesta semana no Esp&iacute;rito Santo. Por enquanto, ainda &eacute; muito cedo para avaliar a nova temporada, mas produtores consultados pelo Cepea acreditam que a produ&ccedil;&atilde;o seja aqu&eacute;m do potencial, fundamentados no clima desfavor&aacute;vel no in&iacute;cio do ciclo. Quanto aos pre&ccedil;os, depois de recuarem com certa for&ccedil;a no mercado interno nas tr&ecirc;s primeiras semanas de mar&ccedil;o, reagiram e passaram a subir nesta parte final do m&ecirc;s","Tue, 28 Mar 2023 16:01:01 -0300"
"LEITE/CEPEA: Preço do leite se mantém em alta em fevereiro, e avanço no 1º bimestre chega a 6,7%",https://www.cepea.esalq.usp.br/br/releases/leite-cepea-preco-do-leite-se-mantem-em-alta-em-fevereiro-e-avanco-no-1-bimestre-chega-a-6-7.aspx,,"Tue, 28 Mar 2023 13:36:09 -0300"
MELANCIA/CEPEA: Produtividade deve se recuperar na segunda parte da safra 22/23 da BA,https://www.cepea.esalq.usp.br/br/diarias-de-mercado/melancia-cepea-produtividade-deve-se-recuperar-na-segunda-parte-da-safra-22-23-da-ba.aspx,"Cepea, 28/03/2023 &ndash; A colheita da segunda parte da safra 2022/23 de melancias de Teixeira de Freitas (BA) deve se encerrar no final de abril/in&iacute;cio de maio. Segundo colaboradores do Hortifruti/Cepea, agora o volume de frutas deve se estabilizar e, depois, iniciar um movimento de queda gradual. At&eacute; a terceira semana de mar&ccedil;o, o desempenho das lavouras nessa regi&atilde;o baiana foi superior quando comparado ao de outras pra&ccedil;as, sem grandes problemas fitossanit&aacute;rios, al&eacute;m do clima favor&aacute;vel para o desenvolvimento das plantas (quente e seco), junto &agrave; irriga&ccedil;&atilde;o constante, que permitiu a colheita de melancias de alto calibre &ndash; atingindo at&eacute; 18 kg por unidade","Mon, 27 Mar 2023 16:25:45 -0300"
"TRIGO/CEPEA: Com ausência de comprador, preços recuam no Brasil",https://www.cepea.esalq.usp.br/br/diarias-de-mercado/trigo-cepea-com-ausencia-de-comprador-precos-recuam-no-brasil.aspx,"Cepea, 28/03/2023 &ndash; As cota&ccedil;&otilde;es do trigo est&atilde;o em queda no mercado interno. Agentes de moinhos consultados pelo Cepea indicam estar abastecidos, e essa aus&ecirc;ncia de compradores pressionou os valores no Brasil. Vendedores, por sua vez, t&ecirc;m interesse em negociar, para liberar espa&ccedil;o em armaz&eacute;ns com a chegada da safra de ver&atilde;o","Mon, 27 Mar 2023 16:24:36 -0300"
AÇÚCAR/CEPEA: Indicador segue estável; liquidez é baixa,https://www.cepea.esalq.usp.br/br/diarias-de-mercado/acucar-cepea-indicador-segue-estavel-liquidez-e-baixa.aspx,"Cepea, 28/03/2023 &ndash; O ritmo de neg&oacute;cios do a&ccedil;&uacute;car cristal branco esteve lento ao longo da semana passada no estado de S&atilde;o Paulo. Segundo informa&ccedil;&otilde;es do Cepea, compradores est&atilde;o trabalhando com o a&ccedil;&uacute;car em estoque e recebendo cristal pr&eacute;-negociado. Quanto &agrave;s usinas, n&atilde;o est&atilde;o fechando novas negocia&ccedil;&otilde;es para entrega imediata, uma vez que a safra 2023/24 est&aacute; para come&ccedil;ar","Mon, 27 Mar 2023 16:22:39 -0300"
ETANOL/CEPEA: Preço do hidratado fica estável em SP,https://www.cepea.esalq.usp.br/br/diarias-de-mercado/etanol-cepea-preco-do-hidratado-fica-estavel-em-sp.aspx,"Cepea, 28/03/2023 &ndash; O valor do etanol hidratado seguiu praticamente est&aacute;vel de 20 a 24 de mar&ccedil;o, conforme apontam dados do Cepea. O Indicador CEPEA/ESALQ semanal do etanol hidratado, segmento produtor do estado de S&atilde;o Paulo, fechou a R$ 2,6827/litro (l&iacute;quido de ICMS e PIS/Cofins) no per&iacute;odo, pequeno recuo de 0,29% frente ao anterior. De acordo com colaboradores do Cepea, compradores est&atilde;o na expectativa do in&iacute;cio das atividades da safra 2023/24 e do comportamento das cota&ccedil;&otilde;es &ndash; se, de fato, o processamento come&ccedil;ar dentro do programado, agentes j&aacute; esperam oferta de produto em abril","Mon, 27 Mar 2023 16:21:35 -0300"
"MERCADO DE TRABALHO/CEPEA: Com conjuntura favorável, população ocupada no agro é a maior desde 2015",https://www.cepea.esalq.usp.br/br/releases/mercado-de-trabalho-cepea-com-conjuntura-favoravel-populacao-ocupada-no-agro-e-a-maior-desde-2015.aspx,,"Mon, 27 Mar 2023 13:55:31 -0300"
"SOJA/CEPEA: Com oferta acima da demanda, preço segue em queda",https://www.cepea.esalq.usp.br/br/diarias-de-mercado/soja-cepea-com-oferta-acima-da-demanda-preco-segue-em-queda.aspx,"Cepea, 27/03/2023 &ndash; Os pre&ccedil;os da soja em gr&atilde;o seguem em queda no mercado brasileiro. Segundo pesquisadores do Cepea, a press&atilde;o veio da oferta acima da demanda. O ritmo das vendas de soja esteve reduzido nos &uacute;ltimos meses, e, agora, produtores t&ecirc;m necessidade de fazer caixa e/ou de liberar espa&ccedil;os nos armaz&eacute;ns, elevando a disponibilidade no spot nacional","Fri, 24 Mar 2023 15:46:05 -0300"
MANDIOCA/CEPEA: Esmagamento mensal já é o maior desde junho/22,https://www.cepea.esalq.usp.br/br/diarias-de-mercado/mandioca-cepea-esmagamento-mensal-ja-e-o-maior-desde-junho-22.aspx,"Cepea, 27/03/2023 &ndash; Mandiocultores de todas as regi&otilde;es seguem com forte interesse pela comercializa&ccedil;&atilde;o de mandioca, seja para se capitalizar ou para liberar &aacute;reas de arrendamentos a vencer nos pr&oacute;ximos dias e/ou para o plantio da safra 2023/24. Segundo levantamento do Cepea, na semana passada, houve aumento de 8,8% no volume de esmagamento semanal nas fecularias. No acumulado da parcial de mar&ccedil;o, a moagem j&aacute; supera em 27% a registrada em todo o m&ecirc;s de fevereiro, sendo a maior desde junho do ano passado","Fri, 24 Mar 2023 15:45:27 -0300"
"OVOS/CEPEA: Agentes indicam leve queda na procura, mas preços seguem firmes",https://www.cepea.esalq.usp.br/br/diarias-de-mercado/ovos-cepea-agentes-indicam-leve-queda-na-procura-mas-precos-seguem-firmes.aspx,"Cepea, 27/03/2023 &ndash; As cota&ccedil;&otilde;es dos ovos se mant&ecirc;m est&aacute;veis, apesar da proximidade do fim do m&ecirc;s, quando os pre&ccedil;os costumam cair. De acordo com pesquisadores do Cepea, a manuten&ccedil;&atilde;o dos valores em patamares elevados e a estabilidade do mercado s&atilde;o resultado do per&iacute;odo de Quaresma &ndash; neste ano, de 22 de fevereiro at&eacute; 6 de abril. Alguns colaboradores consultados relatam que a procura j&aacute; n&atilde;o est&aacute; mais t&atilde;o alta como no in&iacute;cio do m&ecirc;s, mas o mercado segue com oferta e demanda equilibradas, sem queda de pre&ccedil;os na maioria das pra&ccedil;as acompanhadas","Fri, 24 Mar 2023 15:44:48 -0300"
MILHO/CEPEA: Valores médios do milho estão em baixa no spot nacional,https://www.cepea.esalq.usp.br/br/diarias-de-mercado/milho-cepea-valores-medios-do-milho-estao-em-baixa-no-spot-nacional.aspx,"Cepea, 27/03/2023 &ndash; Os pre&ccedil;os m&eacute;dios do milho seguem em queda, operando nos menores patamares do ano em muitas pra&ccedil;as acompanhadas pelo Cepea. Este cen&aacute;rio de baixa se deve &agrave; elevada produ&ccedil;&atilde;o da safra ver&atilde;o, ao clima favor&aacute;vel ao desenvolvimento da segunda temporada e, principalmente, &agrave; redu&ccedil;&atilde;o da demanda interna. De acordo com colaboradores do Cepea, as negocia&ccedil;&otilde;es se mant&ecirc;m calmas no spot nacional","Fri, 24 Mar 2023 15:44:09 -0300"
CITROS/CEPEA: Chuvas favorecem safra 2023/24 da laranja,https://www.cepea.esalq.usp.br/br/diarias-de-mercado/citros-cepea-chuvas-favorecem-safra-2023-24-da-laranja.aspx,"Cepea, 24/03/2023 &ndash; O volume constante de chuvas nas regi&otilde;es citr&iacute;colas do estado de S&atilde;o Paulo tem favorecido o desenvolvimento das laranjas da safra 2023/24. Assim, agentes consultados pelo Cepea acreditam que a fruta deve apresentar maior calibre nesta temporada. Al&eacute;m disso, a elevada umidade tem permitido o adiantamento da colheita das precoces, produto que vem sendo disponibilizado no mercado de mesa desde meados de fevereiro","Thu, 23 Mar 2023 15:37:58 -0300"
FRANGO/CEPEA: Preço mensal do frango vivo avança neste mês,https://www.cepea.esalq.usp.br/br/diarias-de-mercado/frango-cepea-preco-mensal-do-frango-vivo-avanca-neste-mes.aspx,"Cepea, 24/03/2023 &ndash; Os valores m&eacute;dios mensais do frango vivo v&ecirc;m registrando pequenas altas de fevereiro para esta parcial de mar&ccedil;o. De acordo com dados do Cepea, o animal teve valoriza&ccedil;&atilde;o de 0,7% de fevereiro para mar&ccedil;o (at&eacute; o dia 22) no estado de S&atilde;o Paulo, com m&eacute;dia atual de R$ 4,87/kg. A procura pela carne av&iacute;cola teve ligeira melhora, o que resultou em aumento nos pre&ccedil;os do animal no mercado dom&eacute;stico","Thu, 23 Mar 2023 15:36:43 -0300"
O Boletim do Leite de março já está disponível!,https://www.cepea.esalq.usp.br/br/releases/o-boletim-do-leite-de-marco-ja-esta-disponivel-1.aspx,"Cepea, 22/03/2023 - Nesta&nbsp;","Wed, 22 Mar 2023 15:41:40 -0300"
SUÍNOS/CEPEA: Preços caem em todas as regiões,https://www.cepea.esalq.usp.br/br/diarias-de-mercado/suinos-cepea-precos-caem-em-todas-as-regioes.aspx,"Cepea, 23/03/2023 &ndash; As cota&ccedil;&otilde;es da carne e do su&iacute;no vivo est&atilde;o em movimento de queda nesta segunda quinzena de mar&ccedil;o em todas as regi&otilde;es acompanhadas pelo Cepea. A press&atilde;o sobre os valores vem do desaquecimento da demanda por prote&iacute;na no mercado atacadista, tendo em vista a diminui&ccedil;&atilde;o no poder de compra do consumidor neste per&iacute;odo do m&ecirc;s. Diante disso, agentes de frigor&iacute;ficos v&ecirc;m limitando a demanda por novos lotes de animais para abate","Wed, 22 Mar 2023 15:12:23 -0300"
BOI/CEPEA: Suspensão dos envios à China completa um mês,https://www.cepea.esalq.usp.br/br/diarias-de-mercado/boi-cepea-suspensao-dos-envios-a-china-completa-um-mes.aspx,"Cepea, 23/03/2023 &ndash; A suspens&atilde;o dos envios da carne bovina brasileira &agrave; China completa um m&ecirc;s nesta quinta-feira, 23. Agentes do setor pecu&aacute;rio nacional esperam que a retomada dos embarques de prote&iacute;na ao pa&iacute;s asi&aacute;tico seja anunciada em breve &ndash; uma comitiva de representantes brasileiros chegou &agrave; China nesta semana. Segundo pesquisadores do Cepea, a suspens&atilde;o mant&eacute;m lento o ritmo de neg&oacute;cios e os pre&ccedil;os da arroba, enfraquecidos","Wed, 22 Mar 2023 15:11:36 -0300"
CAFÉ/CEPEA: Robusta tem previsão de início de colheita em abril,https://www.cepea.esalq.usp.br/br/diarias-de-mercado/cafe-cepea-robusta-tem-previsao-de-inicio-de-colheita-em-abril.aspx,"Cepea, 22/03/2023 &ndash; A colheita da safra 2023/24 do caf&eacute; robusta deve come&ccedil;ar em meados de abril, sobretudo em algumas &aacute;reas de Rond&ocirc;nia. Conforme dados do Cepea, no Esp&iacute;rito Santo, o maior produtor da variedade, cafeicultores tamb&eacute;m devem iniciar a colheita de alguns talh&otilde;es, mas em ritmo mais lento que no estado rondoniense. J&aacute;, para o ar&aacute;bica, em algumas regi&otilde;es, como Gar&ccedil;a (SP), parte das primeiras floradas ocorreu bastante cedo, e, agora, os gr&atilde;os j&aacute; est&atilde;o caminhando para o processo final de desenvolvimento","Tue, 21 Mar 2023 15:51:46 -0300"
"ARROZ/CEPEA: Apesar da queda recente, média do mês ainda está maior que há um ano",https://www.cepea.esalq.usp.br/br/diarias-de-mercado/arroz-cepea-apesar-da-queda-recente-media-do-mes-ainda-esta-maior-que-ha-um-ano.aspx,"Cepea, 22/03/2023 &ndash; As m&eacute;dias mensais dos pre&ccedil;os do arroz em casca ca&iacute;ram em fevereiro e nesta parcial de mar&ccedil;o, mas, ainda assim, registram alta de 24,3% no comparativo com os mesmos meses de 2022. De acordo com o Cepea, as altas anuais s&atilde;o reflexo da baixa disponibilidade interna do cereal em 2023 &ndash; devido &agrave;s condi&ccedil;&otilde;es clim&aacute;ticas adversas &agrave; taxa de c&acirc;mbio e aos pre&ccedil;os internacionais mais elevados, que aumentam as paridades de importa&ccedil;&atilde;o e exporta&ccedil;&atilde;o. Esse cen&aacute;rio atraiu vendedores para neg&oacute;cios externos ao longo dos &uacute;ltimos meses, mantendo as exporta&ccedil;&otilde;es nacionais em volumes acima das m&eacute;dias hi","Tue, 21 Mar 2023 15:50:47 -0300"
ALGODÃO/CEPEA: Com liquidez limitada; preço da pluma cai,https://www.cepea.esalq.usp.br/br/diarias-de-mercado/algodao-cepea-com-liquidez-limitada-preco-da-pluma-cai.aspx,"Cepea, 22/03/2023 &ndash; As cota&ccedil;&otilde;es do algod&atilde;o em pluma v&ecirc;m registrando quedas um pouco mais intensas nesta segunda quinzena de mar&ccedil;o. Segundo colaboradores do Cepea, as baixas se devem &agrave; maior flexibilidade de parte dos vendedores, que, por sua vez, est&aacute; atenta &agrave; retra&ccedil;&atilde;o nos valores internacionais. Al&eacute;m disso, as disparidades de pre&ccedil;o e de qualidade entre os compradores e vendedores ativos limitam uma maior liquidez no spot","Tue, 21 Mar 2023 15:47:02 -0300"
AÇÚCAR/CEPEA: Preços do cristal oscilam no spot paulista,https://www.cepea.esalq.usp.br/br/diarias-de-mercado/acucar-cepea-precos-do-cristal-oscilam-no-spot-paulista.aspx,"Cepea, 21/03/2023 &ndash; Faltando poucas semanas para o in&iacute;cio oficial da moagem da safra 2023/24 da regi&atilde;o Centro-Sul do Pa&iacute;s, os pre&ccedil;os da saca do a&ccedil;&uacute;car cristal t&ecirc;m oscilado no mercado spot do estado de S&atilde;o Paulo. De acordo com pesquisadores do Cepea, este cen&aacute;rio &eacute; resultado da estrat&eacute;gia de mercado que vem sendo utilizada por parte dos agentes de usinas, em resposta &agrave; demanda reduzida. Enquanto algumas unidades ofereceram lotes de cristal branco a pre&ccedil;os mais baixos para liquidar seus estoques, outras est&atilde;o priorizando a entrega dos contratos","Mon, 20 Mar 2023 16:37:49 -0300"
TRIGO/CEPEA: Ritmo de negócios e preços seguem enfraquecidos,https://www.cepea.esalq.usp.br/br/diarias-de-mercado/trigo-cepea-ritmo-de-negocios-e-precos-seguem-enfraquecidos.aspx,"Cepea, 21/03/2023 &ndash; Triticultores brasileiros est&atilde;o focados na colheita e negocia&ccedil;&atilde;o da safra ver&atilde;o e na prepara&ccedil;&atilde;o para o cultivo da temporada de inverno. Do lado da demanda, colaboradores do Cepea indicam que segue fraca, sendo que apenas compradores do Paran&aacute; que v&ecirc;m buscando adquirir novos lotes do cereal, sobretudo no Rio Grande do Sul. Diante disso, a liquidez est&aacute; baixa, e os pre&ccedil;os do cereal, enfraquecidos","Mon, 20 Mar 2023 16:36:24 -0300"
ETANOL/CEPEA: Indicadores recuam neste final de safra,https://www.cepea.esalq.usp.br/br/diarias-de-mercado/etanol-cepea-indicadores-recuam-neste-final-de-safra.aspx,"Cepea, 21/03/2023 &ndash; Os pre&ccedil;os dos etan&oacute;is hidratado e anidro ca&iacute;ram no spot paulista na semana passada. De acordo com pesquisadores do Cepea, diante da proximidade do encerramento da safra 2022/23, parte dos vendedores se mant&eacute;m firme, mas outros cedem nos valores de negocia&ccedil;&atilde;o. Compradores, por sua vez, apenas retiraram o produto adquirido anteriormente, mostrando dificuldades no repasse dos pre&ccedil;os para a ponta varejista","Mon, 20 Mar 2023 16:35:26 -0300"
MANDIOCA/CEPEA: Preço médio é o menor desde outubro/22,https://www.cepea.esalq.usp.br/br/diarias-de-mercado/mandioca-cepea-preco-medio-e-o-menor-desde-outubro-22.aspx,"Cepea, 20/03/2023 &ndash; As cota&ccedil;&otilde;es da raiz de mandioca continuam em queda e registraram a m&eacute;dia mais baixa deste outubro de 2022. De acordo com pesquisadores do Cepea, apesar das chuvas no in&iacute;cio da semana passada, mandiocultores seguiram com interesse na comercializa&ccedil;&atilde;o, devido &agrave; necessidade de se capitalizar ou de liberar &aacute;reas, al&eacute;m das expectativas de que os pre&ccedil;os continuem em baixa. A m&eacute;dia nominal a prazo da tonelada de mandioca posta fecularia foi de R$ 1","Fri, 17 Mar 2023 16:43:32 -0300"
"MILHO/CEPEA: Comprador se retrai, e cotações estão em queda",https://www.cepea.esalq.usp.br/br/diarias-de-mercado/milho-cepea-comprador-se-retrai-e-cotacoes-estao-em-queda.aspx,"Cepea, 20/03/2023 &ndash; A colheita do milho da safra de ver&atilde;o e a semeadura da segunda temporada est&atilde;o avan&ccedil;ando com a melhora das condi&ccedil;&otilde;es clim&aacute;ticas. Compradores, por sua vez, se mant&ecirc;m afastados das aquisi&ccedil;&otilde;es no mercado spot nacional, &agrave; espera de melhores oportunidades para negociar novos lotes, o que mant&eacute;m os pre&ccedil;os do cereal em queda, conforme apontam dados do Cepea. Fonte: Cepea (","Fri, 17 Mar 2023 16:42:38 -0300"
"SOJA/CEPEA: Volume de chuvas diminui, e colheita avança no BR",https://www.cepea.esalq.usp.br/br/diarias-de-mercado/soja-cepea-volume-de-chuvas-diminui-e-colheita-avanca-no-br.aspx,"Cepea, 20/03/2023 &ndash; O volume de chuva se reduziu nos &uacute;ltimos dias, e a colheita de soja foi intensificada, com as atividades j&aacute; entrando na reta final em Mato Grosso (principal produtor nacional da oleaginosa). De acordo com a Conab, at&eacute; o dia 11, o Brasil colheu 53,4% das 151,41 milh&otilde;es de toneladas previstas para a temporada 2022/23, e, em Mato Grosso, o percentual chegou a 94,7%. Segundo agentes de mercado consultados pelo Cepea, a produtividade e a qualidade da safra 2022/23 est&atilde;o excelentes na maior parte do Pa&iacute;s, o que refor&ccedil;a as estimativas de colheita recorde","Fri, 17 Mar 2023 16:41:49 -0300"
OVOS/CEPEA: Preço dos ovos segue em elevação,https://www.cepea.esalq.usp.br/br/diarias-de-mercado/ovos-cepea-preco-dos-ovos-segue-em-elevacao.aspx,"Cepea, 20/03/2023 &ndash; As cota&ccedil;&otilde;es dos ovos est&atilde;o em alta, segundo informa&ccedil;&otilde;es do Cepea. A valoriza&ccedil;&atilde;o da prote&iacute;na segue atrelada ao cen&aacute;rio t&iacute;pico durante a Quaresma, quando a demanda se aquece e a oferta diminui. Quanto ao poder de compra de avicultores de postura, subiu na parcial de mar&ccedil;o, devido ao aumento das cota&ccedil;&otilde;es dos ovos somado ao decl&iacute;nio dos pre&ccedil;os do farelo de soja e &agrave; estabilidade do milho (os principais insumos consumidos na avicultura)","Fri, 17 Mar 2023 16:40:38 -0300"
"IPPA/CEPEA: Após cair por cinco meses seguidos, IPPA reage em fevereiro",https://www.cepea.esalq.usp.br/br/diarias-de-mercado/ippa-cepea-apos-cair-por-cinco-meses-seguidos-ippa-reage-em-fevereiro.aspx,"Cepea, 20/03/2023 &ndash; Depois de recuar por cinco meses consecutivos, o &Iacute;ndice de Pre&ccedil;os ao Produtor de Grupos de Produtos Agropecu&aacute;rios (IPPA/CEPEA) avan&ccedil;ou 0,6%, em termos nominais, em fevereiro. Esse resultado se deve ao desempenho positivo do IPPA-Pecu&aacute;ria (4,6%), do IPPA-Cana-Caf&eacute; (3,6%) e do IPPA-Hortifrut&iacute;colas (0,3%). Na contram&atilde;o, o IPPA-Gr&atilde;os recuou na mesma compara&ccedil;&atilde;o (-2,3%)","Fri, 17 Mar 2023 16:36:55 -0300"
CITROS/CEPEA: Preços da tahiti seguem em recuperação,https://www.cepea.esalq.usp.br/br/diarias-de-mercado/citros-cepea-precos-da-tahiti-seguem-em-recuperacao.aspx,"Cepea, 17/03/2023 &ndash; O movimento de recupera&ccedil;&atilde;o dos pre&ccedil;os da lima &aacute;cida tahiti alcan&ccedil;a a terceira semana consecutiva, e, em algumas pra&ccedil;as paulistas, a fruta j&aacute; &eacute; negociada na casa dos R$ 30,00/cx. De acordo com colaboradores do Cepea, a diminui&ccedil;&atilde;o da oferta, ap&oacute;s a finaliza&ccedil;&atilde;o do pico de safra da variedade (em janeiro e fevereiro), explica a eleva&ccedil;&atilde;o. Para esta segunda quinzena de mar&ccedil;o, por&eacute;m, a expectativa &eacute; de que novas &aacute;reas de lima &aacute;cida tahiti entrem em colheita, o que pode interromper o movimento de recupera&ccedil;&atilde;o dos pre&ccedil;os","Thu, 16 Mar 2023 15:26:11 -0300"
FRANGO/CEPEA: Carne de frango se valoriza na primeira quinzena de março,https://www.cepea.esalq.usp.br/br/diarias-de-mercado/frango-cepea-carne-de-frango-se-valoriza-na-primeira-quinzena-de-marco.aspx,"Cepea, 17/03/2023 &ndash; As altas de pre&ccedil;os da carne de frango registradas no in&iacute;cio de mar&ccedil;o, ainda que t&iacute;midas, sustentaram a m&eacute;dia da parcial do m&ecirc;s. Segundo dados levantados pelo Cepea, no atacado da Grande S&atilde;o Paulo, o frango inteiro resfriado apresentou m&eacute;dia de R$ 6,83/kg na primeira quinzena de mar&ccedil;o, eleva&ccedil;&atilde;o de 2,8% frente &agrave; do m&ecirc;s anterior. Quanto aos valores das prote&iacute;nas concorrentes, carnes su&iacute;na e bovina, est&atilde;o enfraquecidos, cen&aacute;rio que vem reduzindo a competitividade da prote&iacute;na av&iacute;cola","Thu, 16 Mar 2023 15:24:23 -0300"
BOI/CEPEA: Diferença de preços da arroba e da carne é a maior desde out/21,https://www.cepea.esalq.usp.br/br/diarias-de-mercado/boi-cepea-diferenca-de-precos-da-arroba-e-da-carne-e-a-maior-desde-out-21.aspx,"Cepea 16/03/2023 &ndash; Os pre&ccedil;os da arroba do boi gordo seguem enfraquecidos no mercado nacional, cen&aacute;rio que vem sendo verificado desde o final de fevereiro, quando os embarques de carne &agrave; China foram suspensos, seguindo protocolo estabelecido entre o Brasil e a China em casos de registros de &ldquo;mal da vaca louca&rdquo;. J&aacute; os pre&ccedil;os da carne negociada no mercado atacadista da Grande S&atilde;o Paulo est&atilde;o firmes. Assim, na parcial de mar&ccedil;o (at&eacute; o dia 14), enquanto o Indicador do boi gordo CEPEA/B3 (mercado paulista) registra m&eacute;dia de R$ 274,48/@, a carca&ccedil;a casada &eacute; comercializada no atacado a R$ 284,85/@, ou seja, com vantagem de 10,37 Reais/@ para a prote&iacute;na","Wed, 15 Mar 2023 14:41:54 -0300"
SUÍNOS/CEPEA: Poder de compra do suinocultor recua,https://www.cepea.esalq.usp.br/br/diarias-de-mercado/suinos-cepea-poder-de-compra-do-suinocultor-recua.aspx,"Cepea, 16/03/2023 &ndash; A queda nas cota&ccedil;&otilde;es do animal vivo nestes &uacute;ltimos dias vem reduzindo o poder de compra do suinocultor paulista frente aos principais insumos da atividade, milho e farelo de soja. Segundo pesquisadores do Cepea, a press&atilde;o sobre os pre&ccedil;os do animal vem do enfraquecimento da demanda pela ind&uacute;stria por novos lotes de su&iacute;nos para abate. Diante disso, c&aacute;lculos do Cepea mostram que, na ter&ccedil;a-feira, 14, o suinocultor da regi&atilde;o de Campinas (SP) conseguia adquirir 5,26 quilos de milho com a venda de um quilo de su&iacute;no, 0,7% a menos que na ter&ccedil;a-feira anterior","Wed, 15 Mar 2023 14:40:58 -0300"
"PIB-Agro/CEPEA: Após recordes em 2020 e 2021, PIB do agro cai 4,22% em 2022",https://www.cepea.esalq.usp.br/br/releases/pib-agro-cepea-apos-recordes-em-2020-e-2021-pib-do-agro-cai-4-22-em-2022.aspx,,"Wed, 15 Mar 2023 14:37:24 -0300"
ARROZ/CEPEA: Exportações estão firmes; oferta doméstica pode seguir limitada,https://www.cepea.esalq.usp.br/br/diarias-de-mercado/arroz-cepea-exportacoes-estao-firmes-oferta-domestica-pode-seguir-limitada.aspx,"Cepea, 15/03/2023 &ndash; Neste ano, as exporta&ccedil;&otilde;es de arroz, que est&atilde;o firmes, devem seguir influenciando os valores dom&eacute;sticos do cereal. Segundo pesquisadores do Cepea, a demanda interna e, sobretudo, a tend&ecirc;ncia de redu&ccedil;&atilde;o da oferta no campo tamb&eacute;m devem ser importantes fundamentos para o comportamento do pre&ccedil;o no mercado brasileiro em 2023. Os embarques mensais de arroz, considerando-se o produto em base casca, est&atilde;o acima de 100 mil toneladas desde junho de 2022 &ndash; dados da Secex","Tue, 14 Mar 2023 16:48:56 -0300"
"ALGODÃO/CEPEA: Apesar de enfraquecido, preço interno remunera mais que o para exportação",https://www.cepea.esalq.usp.br/br/diarias-de-mercado/algodao-cepea-apesar-de-enfraquecido-preco-interno-remunera-mais-que-o-para-exportacao.aspx,"Cepea, 15/03/2023 &ndash; Os valores da pluma est&atilde;o enfraquecidos no mercado dom&eacute;stico, de acordo com dados do Cepea. A paridade de exporta&ccedil;&atilde;o, por sua vez, tem sido sustentada pela valoriza&ccedil;&atilde;o do d&oacute;lar. Apesar desse cen&aacute;rio, as cota&ccedil;&otilde;es dom&eacute;sticas do algod&atilde;o ainda remuneram mais que as para exporta&ccedil;&atilde;o","Tue, 14 Mar 2023 16:47:46 -0300"
CAFÉ/CEPEA: Quebra da produção e valores internos mais atrativos limitam embarques,https://www.cepea.esalq.usp.br/br/diarias-de-mercado/cafe-cepea-quebra-da-producao-e-valores-internos-mais-atrativos-limitam-embarques.aspx,"Cepea, 15/03/2023 &ndash; As exporta&ccedil;&otilde;es de caf&eacute; da atual temporada v&ecirc;m sendo limitadas pela combina&ccedil;&atilde;o dos seguintes fatores: pre&ccedil;os internos mais atrativos que os externos e pela quebra na produ&ccedil;&atilde;o nacional da safra 2022/23, prejudicada pelo clima desfavor&aacute;vel (geada e chuvas). Segundo dados do Cecaf&eacute; (Conselho dos Exportadores de Caf&eacute; do Brasil), na parcial da safra 2022/23 (de julho/22 a fevereiro/23), os embarques somam 24,6 milh&otilde;es de sacas de caf&eacute;, queda de 7,8% frente aos 26,7 milh&otilde;es de sacas do mesmo per&iacute;odo de 2021/22. As vendas do gr&atilde;o remanescente no mercado spot nacional tamb&eacute;m est&atilde;o lentas","Tue, 14 Mar 2023 16:44:18 -0300"
The egg sector has been counting on trustworthy price parameters for 10 years,https://www.cepea.esalq.usp.br/en/opinion/the-egg-sector-has-been-counting-on-trustworthy-price-parameters-for-10-years.aspx,"PRICE GATHERING IN A DECADE &ndash; In May 2023, the release of egg prices by Cepea completes ten years. This means that players from the egg sector have been counting on reliable parameters for the decision-making for a decade.

&nbsp;

The Egg Team at Cepea collected, at first, prices for extra white and brown eggs in the two most important producers in Brazil: S&atilde;o Paulo and Minas Gerais","Wed, 05 Apr 2023 14:59:03 -0300"
Prices rise and offset losses caused by halt of beef exports to China,https://www.cepea.esalq.usp.br/en/brazilian-agribusiness-news/prices-rise-and-offset-losses-caused-by-halt-of-beef-exports-to-china.aspx,"Cepea, April 4th, 2023

&nbsp;

&nbsp;

CATTLE &ndash; Fed cattle prices rose in the Brazilian market in March, boosted by both the resume of beef exports to China &ndash; which occurred on March 23rd &ndash; and lower supply of animals, since many farmers are keeping their cattle on pastures because of their good conditions.

&nbsp;

The resume of shipments to China was already expected by Brazilian agents, who were based on China&rsquo;s needs for meat. With the recent valuations, the prices for fed cattle have returned to the levels from mid-February, before expor","Tue, 04 Apr 2023 17:30:14 -0300"
Uncertain world economy increases pressure on cotton prices,https://www.cepea.esalq.usp.br/en/brazilian-agribusiness-news/uncertain-world-economy-increases-pressure-on-cotton-prices.aspx,"Cepea, April 4th, 2023 &ndash; Uncertainties related to the world economy reduced liquidity and pressed down the quotations of agricultural commodities in March, mainly cotton, which is vulnerable to the inflation and income issues. In Brazil, Cepea collaborators reported difficulties to sell cotton products, making the devaluations of the raw material even steeper.

&nbsp;

With difficulties to sell finished products, agents from cotton processors purchased only small volumes of cotton, aiming to meet urgent demands and/or replenish inventories","Tue, 04 Apr 2023 17:29:15 -0300"
"Demand for robusta coffee increases in late March, and prices offset part of the recent losses",https://www.cepea.esalq.usp.br/en/brazilian-agribusiness-news/demand-for-robusta-coffee-increases-in-late-march-and-prices-offset-part-of-the-recent-losses.aspx,"Cepea, April 4th, 2023 &ndash; After dropping steeply in the Brazilian market in the first three weeks of March, the prices for robusta coffee reacted and began to rise late in the month.

&nbsp;

The devaluations observed in the first weeks of March were linked to the lower volumes purchased by national coffee roasters and price drops abroad. On the other hand, the recent valuations reflected the return of purchasers to the Brazilian spot market, which resulted in more deals being closed","Tue, 04 Apr 2023 17:20:19 -0300"
"With higher supply and weak demand, quotations fade in BR in March",https://www.cepea.esalq.usp.br/en/brazilian-agribusiness-news/with-higher-supply-and-weak-demand-quotations-fade-in-br-in-march.aspx,"Cepea, April 4th, 2023 &ndash; While Brazilian corn farmers needed to sell the summer crop in March, purchasers (domestic and foreign buyers) reduced the volumes acquired. In that scenario, corn prices dropped in Brazil last month.

&nbsp;

As for sellers, many of them were willing to lower asking prices in many regions, majorly in those where the summer crop is produced, such as Paran&aacute;","Tue, 04 Apr 2023 17:07:43 -0300"
"With only a few large-sized plants processing oranges, juice production slows down in BR",https://www.cepea.esalq.usp.br/en/brazilian-agribusiness-news/with-only-a-few-large-sized-plants-processing-oranges-juice-production-slows-down-in-br.aspx,"Cepea, April 4th, 2023 &ndash; The 2022/23 orange season in the citrus belt (S&atilde;o Paulo State and the Tri&acirc;ngulo Mineiro) is ending, while the oranges from next season are still green. Thus, the volume of oranges being processed at the plants in SP has been low. Considering large-sized plants, only three of them were processing oranges in March","Tue, 04 Apr 2023 17:03:12 -0300"
Lower supply from Argentina halts price drops in Brazil,https://www.cepea.esalq.usp.br/en/brazilian-agribusiness-news/lower-supply-from-argentina-halts-price-drops-in-brazil.aspx,"Cepea, April 4th, 2023 &ndash; Agents in the soybean market have been monitoring the harvesting in South America and the first sowing estimates in the United States. While the Brazilian harvest is in progress and the output may set a record, in Argentina, production estimates have been revised down. This scenario in Argentina ended up raising the prices for soybean and by-products in the USA and limiting the downward trend of quotations in Brazil in late March","Tue, 04 Apr 2023 17:00:49 -0300"
Average sugar price remains stable at the end of the 22/23 inter-harvest period,https://www.cepea.esalq.usp.br/en/brazilian-agribusiness-news/average-sugar-price-remains-stable-at-the-end-of-the-22-23-inter-harvest-period.aspx,"Cepea, April 4th, 2023 &ndash; In March, the last official month of the 2022/23 season, the average price for white crystal sugar closed at BRL 132.00 per 50-kilo bag in the spot market of S&atilde;o Paulo State, a slight 0.07% down from that in February/23 (BRL 132","Tue, 04 Apr 2023 16:52:18 -0300"
Prices end March stable in the Brazilian market,https://www.cepea.esalq.usp.br/en/brazilian-agribusiness-news/prices-end-march-stable-in-the-brazilian-market.aspx,"Cepea, April 4th, 2023 &ndash; Wheat prices had slight fluctuations in the Brazilian market in March but ended the month stable compared to that in late February. As for liquidity, not many deals were closed along the month. Agents from the wheat mills surveyed by Cepea reported to have the cereal stocked, while many sellers were focused on finishing crop activities for both soybean and corn","Tue, 04 Apr 2023 16:47:48 -0300"
Prices decrease 15% in the season,https://www.cepea.esalq.usp.br/en/brazilian-agribusiness-news/prices-decrease-15-in-the-season.aspx,"Cepea, April 4th, 2023 &ndash; Price averages for anhydrous and hydrous ethanol dropped significantly in the 2022/23 season (which officially ended on March 31st) compared to the previous season in S&atilde;o Paulo state. From April/22 to March/23, anhydrous values downed 14.7%, and for hydrous, 15","Tue, 04 Apr 2023 16:43:04 -0300"
"Milk price continues on the rise in February, rising 6.7% in the 1st bimester",https://www.cepea.esalq.usp.br/en/brazilian-agribusiness-news/milk-price-continues-on-the-rise-in-february-rising-6-7-in-the-1st-bimester.aspx,"Cepea, April 4th, 2023 &ndash; The price paid by dairy plants for raw milk in February closed at BRL 2.7276/liter on the net &ldquo;Brazil Average&rdquo;, 1.6% higher than that in January and 16","Tue, 04 Apr 2023 16:33:52 -0300"
"Prices drop, but dollar and higher liquidity limit devaluations",https://www.cepea.esalq.usp.br/en/brazilian-agribusiness-news/prices-drop-but-dollar-and-higher-liquidity-limit-devaluations.aspx,"Cepea, March 16th, 2023 &ndash; Soybean prices dropped in the Brazilian market in the first fortnight of March, influenced by low demand from abroad, majorly from China. Besides, expectations for a record harvest in Brazil in the 2022/23 season and for a larger area with soybean crops in the United States in 2023/24 added to devaluations abroad and lower export premiums helped to press down domestic quotations. On the other hand, the US dollar appreciation and the increase in the domestic liquidity limited steeper price drops in Brazil","Thu, 16 Mar 2023 14:32:19 -0300"
"Sowing is late in BR, but harvest is still expected to set a record",https://www.cepea.esalq.usp.br/en/brazilian-agribusiness-news/sowing-is-late-in-br-but-harvest-is-still-expected-to-set-a-record.aspx,"Cepea, March 16th, 2023 &ndash; Although sowing of the second crop of corn is late in Brazil, official data still point to a record output. On the other hand, in Argentina, estimates were revised down again, pressing down the world corn supply &ndash; it is important to highlight that the estimates for the world supply of corn did not decrease more steeply because of the higher output in Brazil and the maintenance in the United States.

&nbsp;

In this context, while farmers are monitoring crops, national purchasers are buying new batches only to replenish stocks","Thu, 16 Mar 2023 11:50:50 -0300"
Volume exported and price paid for the Brazilian juice rise in the 2022/23 season,https://www.cepea.esalq.usp.br/en/brazilian-agribusiness-news/volume-exported-and-price-paid-for-the-brazilian-juice-rise-in-the-2022-23-season.aspx,"Cepea, March 16th, 2023 &ndash; The Brazilian exports of orange juice are on the rise in the current season (2022/23). According to data from Secex (Foreign Trade Secretariat), between July/22 and Feb/23, Brazil exported 776.3 thousand tons of Frozen Concentrate Orange Juice (FCOJ) Equivalent, 14% more than that shipped in the same period of the previous season","Thu, 16 Mar 2023 11:48:33 -0300"
Sales in the domestic market are still more advantageous than exports,https://www.cepea.esalq.usp.br/en/brazilian-agribusiness-news/sales-in-the-domestic-market-are-still-more-advantageous-than-exports.aspx,"Cepea, March 16th, 2023 &ndash; Cotton prices have been weak in Brazil, while the export parity value is being underpinned by the dollar appreciation. Still, remuneration in the domestic market has been higher than that from exports. Also, domestic prices are higher than that paid for the cotton already exported (Secex), previously purchased through contracts","Thu, 16 Mar 2023 11:47:34 -0300"
Lower supply in Brazil limits exports in the 22/23 season,https://www.cepea.esalq.usp.br/en/brazilian-agribusiness-news/lower-supply-in-brazil-limits-exports-in-the-22-23-season.aspx,"Cepea, March 16th, 2023 &ndash; The crop failure in Brazil in the 2022/23 season, due to weather issues (frosts and excessive rains), added to the fact that domestic prices have been higher than export values have been limiting Brazilian coffee exports in the current season. On the other hand, in the 2023/24 season, agents believe exports will recover.

&nbsp;

In February, Brazil exported 2","Thu, 16 Mar 2023 11:43:47 -0300"
"Liquidity is low, but prices remain relatively firm in the Brazilian market",https://www.cepea.esalq.usp.br/en/brazilian-agribusiness-news/liquidity-is-low-but-prices-remain-relatively-firm-in-the-brazilian-market.aspx,"Cepea, March 16th, 2023 &ndash; Sugar sales (white crystal sugar) were mostly low in S&atilde;o Paulo State in the first fortnight of March, keeping prices relatively stable until March 9th, between BRL 130 and BRL 131.00 per 50-kilo bag. From March 10th onwards, quotations increased slightly, ranging between BRL 132 and BRL 133/bag","Thu, 16 Mar 2023 11:42:16 -0300"
"With record output, Brazil may become the 10th biggest wheat-exporting country in the world",https://www.cepea.esalq.usp.br/en/brazilian-agribusiness-news/with-record-output-brazil-may-become-the-10th-biggest-wheat-exporting-country-in-the-world.aspx,"Cepea, March 16th, 2023 &ndash; Official estimates indicating the Brazilian wheat output may set a record have been offsetting the lower supply in Argentina, which is the number one wheat supplier to Brazil. Also, the higher harvest is favoring wheat exports, which are expected to increase compared to that in the previous season and, thus, make Brazil the 10th biggest wheat-exporting country in the world.

&nbsp;

These are the USDA&rsquo;s estimates released in early March","Thu, 16 Mar 2023 11:41:19 -0300"
High stocks and nearness of 23/24 crop press down quotations for hydrous ethanol in BR,https://www.cepea.esalq.usp.br/en/brazilian-agribusiness-news/high-stocks-and-nearness-of-23-24-crop-press-down-quotations-for-hydrous-ethanol-in-br.aspx,"Cepea, March 16th, 2023 &ndash; The nearness of the 2023/24 sugarcane season (which officially begins on April 1st, 2023) added to high ending stocks pressed down the quotations for hydrous ethanol in S&atilde;o Paulo State in the first fortnight of March.

&nbsp;

Between March 6 and 10, the CEPEA/ESALQ Indexes for hydrous ethanol closed at BRL 2.6937/liter (net of ICMS and PIS/Cofins), 0","Thu, 16 Mar 2023 11:39:57 -0300"
"Despite suspension to China, Brazilian beef exports are high in the 1st bimester",https://www.cepea.esalq.usp.br/en/brazilian-agribusiness-news/despite-suspension-to-china-brazilian-beef-exports-are-high-in-the-1st-bimester.aspx,"Cepea, March 16th, 2023

&nbsp;

CATTLE &ndash; Fed cattle sales were weak in the Brazilian market in the first fortnight of March, keeping prices at low levels. In general, the agents in the national cattle sector have been cautious when closing deal, waiting for China to resume importing beef from Brazil. Shipments to the Asian country have been suspended since February 23rd, due to the agreement between the two countries in cases of mad cow disease","Thu, 16 Mar 2023 11:38:45 -0300"
